{"cameraMode":{"drawMode":0,"name":"Shaded","section":"Shading Mode"},"sceneLighting":false,"audioPlay":false,"sceneViewState":{"showFog":true,"showMaterialUpdate":false,"showSkybox":false,"showFlares":true,"showImageEffects":true,"showParticleSystems":true},"in2DMode":false,"pivot":{"x":0.0,"y":4.815000057220459,"z":29.41499900817871},"rotation":{"x":0.02918289043009281,"y":-0.5443636178970337,"z":0.018964124843478204,"w":0.8381590247154236},"size":7.505427360534668,"orthographic":false}